Identificador de la publicación,Identificador de la página,Nombre de la página,Título,Descripción,Duración (segundos),Hora de publicación,Tipo de subtítulo,Enlace permanente,Es una publicación cruzada,Es una publicación compartida,Tipo de publicación,Idiomas,Etiquetas personalizadas,Estado de contenido financiado,Comentario sobre los datos,Fecha,Impresiones,Alcance,"Reacciones, comentarios y veces que se compartió",Reacciones,Comentarios,Veces que se compartió,REELS_PLAYS:COUNT,Segundos reproducidos,Segundos en promedio reproducidos,Ingresos estimados (USD),Impresiones del anuncio,Total de clics,Clics de otro tipo,Consumo de segmentación del público coincidente (Photo Click),Clics en el enlace
122108183708504330,61565129917481,Fetch.ens,"DISPONIBLE

Bolsa casual, incluye strap 
✨250 pesos c/u

Colores disponibles:
🖤 Negro

Proximamente:
🤎Beige
🤍 Blanco

Reserva la tuya aquí: 646 102 9131 💕

Visita nuestro sitio web para conocer nuestros productos: https://www.fetchens.com/",,0,09/09/2024 16:26,N/A,https://www.facebook.com/permalink.php?story_fbid=pfbid02w99CFkG7p2fk3iDx1kS7RNC7as4wGSERBsePzRaHYn63emVWtZxhj7Rvgk3LqVBXl&id=61565129917481,0,0,Fotos,,,,,Total,552,489,29,25,1,3,,,,,,24,13,11,
122108176316504330,61565129917481,Fetch.ens,"¡Bienvenidas a fetch! ✨️

Somos un negocio que se dedica a vender bolsas y mochilas de calidad a precios accesibles para ti. Síguenos para conocer nuestros nuevos productos...",,0,09/09/2024 15:46,N/A,https://www.facebook.com/permalink.php?story_fbid=pfbid0ETz8whjgmG26ynaJip5dyuEn7vev3sxHpLXuvu4r2v1WYCjvHKemBhfyVrUFaFWdl&id=61565129917481,0,0,Fotos,,,,,Total,1033,854,83,73,0,10,,,,,,236,123,83,30
122122672118504330,61565129917481,Fetch.ens,Tu video,,9,11/15/2024 16:05,N/A,https://www.facebook.com/reel/2798693473633401/,0,0,Reels,,,,,Total,21,20,11,8,1,2,21,89.821,6.415,0,0,0,,,
122122300982504330,61565129917481,Fetch.ens,"Descuento especial! 💗

Mochilas $250",,0,11/13/2024 16:22,N/A,https://www.facebook.com/permalink.php?story_fbid=pfbid0Fuy9knmUXG6GiaNK6TsU5Sa9VHGWGSK8dfqA2wMPt7HQs7Schfcf5tyxffTctvGMl&id=61565129917481,0,0,Fotos,,,,,Total,107,107,17,12,1,4,,,,,,11,9,2,
122121442442504330,61565129917481,Fetch.ens,Agrega tus accesorios favoritos a tu bolsa favorita! 🩷                                 $300 c/u,Agrega tus accesorios favoritos a tu bolsa favorita! 🩷                                 $300 c/u,6,11/08/2024 17:35,N/A,https://www.facebook.com/reel/1835452700322671/,0,0,Reels,,,,,Total,36,30,11,10,0,1,98,288.174,5.145,0,0,0,,,
122120987000504330,61565129917481,Fetch.ens,"Si tú un gran estilo quieres tener, una bolsa Fetch debes tener! 💗
No te quedes sin la tuya 

$300 c/u",,0,11/06/2024 14:46,N/A,https://www.facebook.com/permalink.php?story_fbid=pfbid0M3EokTA1YTPon7cyMaJU5VfC3MXZV6cbXvYjpQDYhebrjJznWE2p55kfwiJ5UZ8tl&id=61565129917481,0,0,Fotos,,,,,Total,342,310,31,25,0,6,,,,,,96,55,41,
122120067776504330,61565129917481,Fetch.ens,"¡Personaliza tu bolso Fetch!💕

No se necesita mucho para adaptar un bolso fetch a tu estilo, solo un poco de creatividad y tus accesorios favoritos.

Te damos una idea de como puedes hacerlo.. ✨️","¡Personaliza tu bolso Fetch!💕

No se necesita mucho para adaptar un bolso fetch a tu estilo, solo un poco de creatividad y tus accesorios favoritos.

Te damos una idea de como puedes hacerlo.. ✨️",20,11/01/2024 13:43,N/A,https://www.facebook.com/reel/1075130303798045/,0,0,Reels,,,,,Total,66,46,14,12,0,2,124,348.012,3.445,0,0,0,,,
122119728926504330,61565129917481,Fetch.ens,"Nuevos productos llegan a ti! 
Disponibles en color:
Negro  🖤
Blanco 🤍
Beige   🤎
No te quedes sin la tuya 🤩",,0,10/30/2024 14:30,N/A,https://www.facebook.com/permalink.php?story_fbid=pfbid0FjV51LK7PzhehPPbnY1GGWUCK7eVtgr5UWBd3p4586DtLeEhvznMxz5nLCMrk8Yvl&id=61565129917481,0,0,Fotos,,,,,Total,216,170,29,19,1,9,,,,,,11,5,5,1
122118960476504330,61565129917481,Fetch.ens,"¡Dulce, truco o mochila nueva! 🩷
Aprovecha nuestro descuento especial de halloween 👻",,0,10/25/2024 18:32,N/A,https://www.facebook.com/permalink.php?story_fbid=pfbid0Kctq7e5wZ3mEXLxags9VhqDQzBFRG7FrgKPooMidVCbXfgqV5zQjVS37amKVwwsql&id=61565129917481,0,0,Fotos,,,,,Total,170,137,20,13,2,5,,,,,,10,10,,
122118582686504330,61565129917481,Fetch.ens,"¡Crea tu propio estilo con Fecth! 💗

Contáctanos por whatsapp: 646 102 9131 ✨",,0,10/23/2024 15:27,N/A,https://www.facebook.com/permalink.php?story_fbid=pfbid02mtGLPRz3wvzbRsXNnW7RFpbM33kL9gBHnuqwV54kZry17JU8nmWALqDRK1CmC96zl&id=61565129917481,0,0,Fotos,,,,,Total,290,259,20,15,2,3,,,,,,54,25,29,
122117636858504330,61565129917481,Fetch.ens,"¡Cuéntanos que opinas de nuestros productos hasta ahora!
Nuestra prioridad eres tú. 💕
#mochilas #fetch","¡Cuéntanos que opinas de nuestros productos hasta ahora!
Nuestra prioridad eres tú. 💕
#mochilas #fetch",11,10/18/2024 14:33,N/A,https://www.facebook.com/reel/1730852201047835/,0,0,Reels,,,,,Total,96,67,11,11,0,0,99,314.26,4.489,0,0,0,,,
122117327588504330,61565129917481,Fetch.ens,"Carga tu estilo a todas partes con Fetch! 🩷

Contáctanos por whatsapp: 646 102 9131 ✨",,0,10/16/2024 17:59,N/A,https://www.facebook.com/permalink.php?story_fbid=pfbid0KYXToXtxRHneA9b6kXShLgQqecbjsyW2k4chtwf8J2HPJPucBhu6GdC94ofK1y7Ql&id=61565129917481,0,0,Fotos,,,,,Total,271,224,18,14,0,4,,,,,,27,15,12,
122116376156504330,61565129917481,Fetch.ens,"En tu bolso Fetch, llevas lo esencial para cada momento. ✨️","En tu bolso Fetch, llevas lo esencial para cada momento. ✨️",22,10/11/2024 13:59,mixed,https://www.facebook.com/reel/1179863019741791/,0,0,Reels,,,,,Total,108,73,16,14,1,1,137,669.853,7.442,0,0,0,,,
122115967004504330,61565129917481,Fetch.ens,"✨ ¡El accesorio perfecto para cada ocasión!

Consigue la tuya vía DM: 646 102 9131 ❣️",,0,10/09/2024 15:57,N/A,https://www.facebook.com/permalink.php?story_fbid=pfbid02M1P4mnRgL92ZgUAtFcpAEiHrjibEUdVJTMce1nwmMxSFNhURAV6UNGYLf4YpNCsxl&id=61565129917481,0,0,Fotos,,,,,Total,403,342,34,25,2,7,,,,,,96,72,23,1
122114977232504330,61565129917481,Fetch.ens,"El complemento ideal para cualquier outfit. ¿Ya tienes la tuya? ✨️

Últimas disponibles ‼️","El complemento ideal para cualquier outfit. ¿Ya tienes la tuya? ✨️

Últimas disponibles ‼️",6,10/04/2024 13:12,N/A,https://www.facebook.com/reel/1614295639491896/,0,0,Reels,,,,,Total,112,76,14,10,2,2,145,446.05,5.127,0,0,0,,,
122114803226504330,61565129917481,Fetch.ens,"Es 3 de octubre y en Fetch lo sabemos. 💗
¡Solo por hoy! 10% de descuento en TODOS nuestros productos disponibles. ✨️",,0,10/03/2024 17:24,N/A,https://www.facebook.com/permalink.php?story_fbid=pfbid0GEeJDSpwGr7EmbSaT21ubEsdm6JDNiaHT56nze3PttBtW6WvBtwsoMuZBbXafHmhl&id=61565129917481,0,0,Fotos,,,,,Total,170,129,20,13,2,5,,,,,,29,26,3,
122114564690504330,61565129917481,Fetch.ens,"¡Porque cada detalle cuenta! ✨️
Las bolsas Fetch no son solo un accesorio, son una declaración de estilo. Combina moda y comodidad en un solo look. 💕","¡Porque cada detalle cuenta! ✨️
Las bolsas Fetch no son solo un accesorio, son una declaración de estilo. Combina moda y comodidad en un solo look. 💕",11,10/02/2024 12:11,N/A,https://www.facebook.com/reel/1696222831178745/,0,0,Reels,,,,,Total,131,95,18,15,2,1,477,1.863.889,5.806,0,0,0,,,
122112703400504330,61565129917481,Fetch.ens,"¿Ya sabes cómo comprar en Fetch? ✨

¡Sigue estos sencillos pasos! 👇",,0,09/24/2024 12:01,N/A,https://www.facebook.com/permalink.php?story_fbid=pfbid02BLogqVNX1XyKyG3GwdH7HsLpBz9i1YaC91sdgrK3PCfSwPtYw1ybJ5xTWgX7TjCNl&id=61565129917481,0,0,Fotos,,,,,Total,221,175,17,11,0,6,,,,,,11,10,1,
122112260462504330,61565129917481,Fetch.ens,"Entre amigas no copiamos, pero amamos hacer matching outfits. ✨️
Etiqueta a tu amiga con la que harías match. 💕
#fetch #bolsosdemoda #thatssofetch","Entre amigas no copiamos, pero amamos hacer matching outfits. ✨️
Etiqueta a tu amiga con la que harías match. 💕
#fetch #bolsosdemoda #thatssofetch",8,09/22/2024 15:31,uploaded,https://www.facebook.com/reel/7801247969980342/,0,0,Reels,,,,,Total,100,68,14,12,0,2,150,542.418,5.534,0,0,0,,,
122110853006504330,61565129917481,Fetch.ens,"¿Ya conoces nuestros puntos de entrega? 📌

Podemos entregarte tus productos en:
♡ Zona Centro
♡ Los Encinos
♡ Ley Valle Verde
♡ Plaza Sendero 
♡ Plaza Misión 
♡ Plaza Bahía 
♡ Macroplaza
♡ Villas 4, 6 y 7
♡ Pórticos 
♡ Escorpión 
♡ Alrededores de Colonia Aeropuerto 
♡ La 89
♡ Magallón
♡ Villas del Sol
♡ Geranios

¡Mándanos mensaje para acordar la fecha y hora de tu entrega! ✨ 646 102 9131",,0,09/17/2024 11:51,N/A,https://www.facebook.com/permalink.php?story_fbid=pfbid035x2VabGitUE42nxuFLwNsaVrP1VsL1Agn1xtzbA8D5p1sagbCgN9utFNyg44TncNl&id=61565129917481,0,0,Fotos,,,,,Total,238,189,19,13,0,6,,,,,,17,15,2,
122110502480504330,61565129917481,Fetch.ens,"DISPONIBLE ✨️
Mochila casual 

$300 pesos c/u

Colores:
Azul marino 💙
Negro 🖤

¡Pide la tuya!
Contáctanos por WhatsApp para hacer tu pedido: 646 102 9131 💕 

Visita nuestro sitio web para conocer nuestros productos: https://www.fetchens.com/",,0,09/16/2024 13:34,N/A,https://www.facebook.com/permalink.php?story_fbid=pfbid0sXMHMeKDqzzUnP5KkTMKw5HfxD3HJvS251sXhDWYXNrRMaCnQ83R5JHkYJtZYahol&id=61565129917481,0,0,Fotos,,,,,Total,362,281,29,21,0,8,,,,,,47,24,21,2
122109855704504330,61565129917481,Fetch.ens,"Nuevos colores llegan a ti✨️
Disponibles:

- Beige 🤎
- Morado 💜
- Blanco 🤍

$250 c/u

¿Listas para llevar su look al siguiente nivel? 

Contáctanos por WhatsApp para hacer tu pedido: 646 102 9131  💕 

Visita nuestro sitio web para conocer nuestros productos: https://www.fetchens.com/",,0,09/14/2024 14:22,N/A,https://www.facebook.com/permalink.php?story_fbid=pfbid02xQRS7jgtkT1xCn6LHUrBDPoMfTGYSg86vXLQzqA4ymjjkCdQn1oSigPmniWwEeEXl&id=61565129917481,0,0,Fotos,,,,,Total,274,213,22,20,0,2,,,,,,46,26,19,1
122108206430504330,61565129917481,Fetch.ens,"DISPONIBLE

Mochila casual ✨️

300 c/u

Colores disponibles:
🖤 Negro
💙 Azul marino

Reserva la tuya aquí 💕: 646 102 9131 

Visita nuestro sitio web para conocer nuestros productos: https://www.fetchens.com/",,0,09/09/2024 18:19,N/A,https://www.facebook.com/permalink.php?story_fbid=pfbid0fXFBMqdkRDvFbyjNcF6NbihWqTFtRU5dSKBR1Nzn5A6SWJ6diyuXoUqa2Q2oJ33sl&id=61565129917481,0,0,Fotos,,,,,Total,286,206,37,33,0,4,,,,,,44,21,23,